{
    "Test Samples": 636262,
    "Threshold": 0.7,
    "Accuracy": 0.9999277027388088,
    "Precision": 0.9477351916376306,
    "Recall": 0.9987760097919217,
    "F1 Score": 0.9725864123957092,
    "ROC AUC": 0.9997517136214444
}